﻿<?xml version="1.0" encoding="utf-8"?>
<helpItems schema="maml" xmlns="http://msh">
  <command:command xmlns:maml="http://schemas.microsoft.com/maml/2004/10" xmlns:command="http://schemas.microsoft.com/maml/dev/command/2004/10" xmlns:dev="http://schemas.microsoft.com/maml/dev/2004/10" xmlns:MSHelp="http://msdn.microsoft.com/mshelp">
    <command:details>
      <command:name>Add-FanartTVAPIKey</command:name>
      <command:verb>Add</command:verb>
      <command:noun>FanartTVAPIKey</command:noun>
      <maml:description>
        <maml:para>Sets your API key used to authenticate all API calls</maml:para>
      </maml:description>
    </command:details>
    <maml:description>
      <maml:para>The Add-FanartTVAPIKey cmdlet sets your API key which is used to authenticate all API calls made to FanartTV</maml:para>
      <maml:para>Note: When both keys are provided, the personal key determines the access tier (2-day delay instead of 7-day). When both query parameter and header are present for the same key type, the query parameter takes priority</maml:para>
    </maml:description>
    <command:syntax>
      <command:syntaxItem>
        <maml:name>Add-FanartTVAPIKey</maml:name>
        <command:parameter required="false" variableLength="true" globbing="false" pipelineInput="True (ByValue)" position="1" aliases="none">
          <maml:name>PersonalKey</maml:name>
          <maml:description>
            <maml:para>Plain text personal key</maml:para>
            <maml:para>If not defined the cmdlet will prompt you to enter it</maml:para>
          </maml:description>
          <command:parameterValue required="true" variableLength="false">String</command:parameterValue>
          <dev:type>
            <maml:name>String</maml:name>
            <maml:uri />
          </dev:type>
          <dev:defaultValue>None</dev:defaultValue>
        </command:parameter>
        <command:parameter required="false" variableLength="true" globbing="false" pipelineInput="True (ByValue)" position="2" aliases="none">
          <maml:name>ProjectKey</maml:name>
          <maml:description>
            <maml:para>Plain text project key</maml:para>
          </maml:description>
          <command:parameterValue required="true" variableLength="false">String</command:parameterValue>
          <dev:type>
            <maml:name>String</maml:name>
            <maml:uri />
          </dev:type>
          <dev:defaultValue>None</dev:defaultValue>
        </command:parameter>
      </command:syntaxItem>
    </command:syntax>
    <command:parameters>
      <command:parameter required="false" variableLength="true" globbing="false" pipelineInput="True (ByValue)" position="1" aliases="none">
        <maml:name>PersonalKey</maml:name>
        <maml:description>
          <maml:para>Plain text personal key</maml:para>
          <maml:para>If not defined the cmdlet will prompt you to enter it</maml:para>
        </maml:description>
        <command:parameterValue required="true" variableLength="false">String</command:parameterValue>
        <dev:type>
          <maml:name>String</maml:name>
          <maml:uri />
        </dev:type>
        <dev:defaultValue>None</dev:defaultValue>
      </command:parameter>
      <command:parameter required="false" variableLength="true" globbing="false" pipelineInput="True (ByValue)" position="2" aliases="none">
        <maml:name>ProjectKey</maml:name>
        <maml:description>
          <maml:para>Plain text project key</maml:para>
        </maml:description>
        <command:parameterValue required="true" variableLength="false">String</command:parameterValue>
        <dev:type>
          <maml:name>String</maml:name>
          <maml:uri />
        </dev:type>
        <dev:defaultValue>None</dev:defaultValue>
      </command:parameter>
    </command:parameters>
    <command:inputTypes />
    <command:returnValues />
    <maml:alertSet>
      <maml:alert>
        <maml:para>N/A</maml:para>
      </maml:alert>
    </maml:alertSet>
    <command:examples>
      <command:example>
        <maml:title>-------------------------- EXAMPLE 1 --------------------------</maml:title>
        <dev:code>Add-FanartTVAPIKey</dev:code>
        <dev:remarks>
          <maml:para>Prompts to enter in the personal API key which will be stored as a SecureString</maml:para>
        </dev:remarks>
      </command:example>
      <command:example>
        <maml:title>-------------------------- EXAMPLE 2 --------------------------</maml:title>
        <dev:code>Add-FanartTVAPIKey -PersonalKey 123456 -ProjectKey 8765309</dev:code>
        <dev:remarks>
          <maml:para>Adds both project &amp; personal keys which will be stored as a SecureString</maml:para>
        </dev:remarks>
      </command:example>
    </command:examples>
    <command:relatedLinks>
      <maml:navigationLink>
        <maml:linkText>https://celerium.github.io/Celerium.FanartTV/site/Internal/Add-FanartTVAPIKey.html</maml:linkText>
        <maml:uri>https://celerium.github.io/Celerium.FanartTV/site/Internal/Add-FanartTVAPIKey.html</maml:uri>
      </maml:navigationLink>
      <maml:navigationLink>
        <maml:linkText>https://api.fanart.tv/#section/Fanart.tv-API-Documentation/Authentication</maml:linkText>
        <maml:uri>https://api.fanart.tv/#section/Fanart.tv-API-Documentation/Authentication</maml:uri>
      </maml:navigationLink>
    </command:relatedLinks>
  </command:command>
  <command:command xmlns:maml="http://schemas.microsoft.com/maml/2004/10" xmlns:command="http://schemas.microsoft.com/maml/dev/command/2004/10" xmlns:dev="http://schemas.microsoft.com/maml/dev/2004/10" xmlns:MSHelp="http://msdn.microsoft.com/mshelp">
    <command:details>
      <command:name>Add-FanartTVBaseURI</command:name>
      <command:verb>Add</command:verb>
      <command:noun>FanartTVBaseURI</command:noun>
      <maml:description>
        <maml:para>Sets the base URI for the FanartTV API connection</maml:para>
      </maml:description>
    </command:details>
    <maml:description>
      <maml:para>The Add-FanartTVBaseURI cmdlet sets the base URI which is used to construct the full URI for all API calls</maml:para>
    </maml:description>
    <command:syntax>
      <command:syntaxItem>
        <maml:name>Add-FanartTVBaseURI</maml:name>
        <command:parameter required="false" variableLength="true" globbing="false" pipelineInput="True (ByValue)" position="1" aliases="none">
          <maml:name>BaseUri</maml:name>
          <maml:description>
            <maml:para>Sets the base URI for the FanartTV API connection. Helpful if using a custom API gateway</maml:para>
            <maml:para>The default value is 'https://webservice.fanart.tv'</maml:para>
          </maml:description>
          <command:parameterValue required="true" variableLength="false">String</command:parameterValue>
          <dev:type>
            <maml:name>String</maml:name>
            <maml:uri />
          </dev:type>
          <dev:defaultValue>Https://webservice.fanart.tv</dev:defaultValue>
        </command:parameter>
        <command:parameter required="false" variableLength="true" globbing="false" pipelineInput="False" position="2" aliases="none">
          <maml:name>Version</maml:name>
          <maml:description>
            <maml:para>Sets API to use</maml:para>
            <maml:para>Note: Module was built and tested on v3.2 only</maml:para>
            <maml:para>The default value is 'v3.2'</maml:para>
          </maml:description>
          <command:parameterValue required="true" variableLength="false">String</command:parameterValue>
          <dev:type>
            <maml:name>String</maml:name>
            <maml:uri />
          </dev:type>
          <dev:defaultValue>V3.2</dev:defaultValue>
        </command:parameter>
      </command:syntaxItem>
    </command:syntax>
    <command:parameters>
      <command:parameter required="false" variableLength="true" globbing="false" pipelineInput="True (ByValue)" position="1" aliases="none">
        <maml:name>BaseUri</maml:name>
        <maml:description>
          <maml:para>Sets the base URI for the FanartTV API connection. Helpful if using a custom API gateway</maml:para>
          <maml:para>The default value is 'https://webservice.fanart.tv'</maml:para>
        </maml:description>
        <command:parameterValue required="true" variableLength="false">String</command:parameterValue>
        <dev:type>
          <maml:name>String</maml:name>
          <maml:uri />
        </dev:type>
        <dev:defaultValue>Https://webservice.fanart.tv</dev:defaultValue>
      </command:parameter>
      <command:parameter required="false" variableLength="true" globbing="false" pipelineInput="False" position="2" aliases="none">
        <maml:name>Version</maml:name>
        <maml:description>
          <maml:para>Sets API to use</maml:para>
          <maml:para>Note: Module was built and tested on v3.2 only</maml:para>
          <maml:para>The default value is 'v3.2'</maml:para>
        </maml:description>
        <command:parameterValue required="true" variableLength="false">String</command:parameterValue>
        <dev:type>
          <maml:name>String</maml:name>
          <maml:uri />
        </dev:type>
        <dev:defaultValue>V3.2</dev:defaultValue>
      </command:parameter>
    </command:parameters>
    <command:inputTypes />
    <command:returnValues />
    <maml:alertSet>
      <maml:alert>
        <maml:para>N/A</maml:para>
      </maml:alert>
    </maml:alertSet>
    <command:examples>
      <command:example>
        <maml:title>-------------------------- EXAMPLE 1 --------------------------</maml:title>
        <dev:code>Add-FanartTVBaseURI</dev:code>
        <dev:remarks>
          <maml:para>The base URI will use https://webservice.fanart.tv/v3.2</maml:para>
        </dev:remarks>
      </command:example>
      <command:example>
        <maml:title>-------------------------- EXAMPLE 2 --------------------------</maml:title>
        <dev:code>Add-FanartTVBaseURI -BaseUri 'https://gateway.celerium.org'</dev:code>
        <dev:remarks>
          <maml:para>The base URI will use https://gateway.celerium.org/v3.2</maml:para>
        </dev:remarks>
      </command:example>
      <command:example>
        <maml:title>-------------------------- EXAMPLE 3 --------------------------</maml:title>
        <dev:code>'https://gateway.celerium.org' | Add-FanartTVBaseURI</dev:code>
        <dev:remarks>
          <maml:para>The base URI will use https://gateway.celerium.org/v3.2</maml:para>
        </dev:remarks>
      </command:example>
    </command:examples>
    <command:relatedLinks>
      <maml:navigationLink>
        <maml:linkText>https://celerium.github.io/Celerium.FanartTV/site/Internal/Add-FanartTVBaseURI.html</maml:linkText>
        <maml:uri>https://celerium.github.io/Celerium.FanartTV/site/Internal/Add-FanartTVBaseURI.html</maml:uri>
      </maml:navigationLink>
      <maml:navigationLink>
        <maml:linkText>https://api.fanart.tv/#section/Fanart.tv-API-Documentation</maml:linkText>
        <maml:uri>https://api.fanart.tv/#section/Fanart.tv-API-Documentation</maml:uri>
      </maml:navigationLink>
    </command:relatedLinks>
  </command:command>
  <command:command xmlns:maml="http://schemas.microsoft.com/maml/2004/10" xmlns:command="http://schemas.microsoft.com/maml/dev/command/2004/10" xmlns:dev="http://schemas.microsoft.com/maml/dev/2004/10" xmlns:MSHelp="http://msdn.microsoft.com/mshelp">
    <command:details>
      <command:name>ConvertTo-FanartTVQueryString</command:name>
      <command:verb>ConvertTo</command:verb>
      <command:noun>FanartTVQueryString</command:noun>
      <maml:description>
        <maml:para>Converts uri filter parameters</maml:para>
      </maml:description>
    </command:details>
    <maml:description>
      <maml:para>The ConvertTo-FanartTVQueryString cmdlet converts &amp; formats uri query parameters from a function which are later used to make the full resource uri for an API call</maml:para>
      <maml:para>This is an internal helper function the ties in directly with the ConvertTo-FanartTVQueryString &amp; any public functions that define parameters</maml:para>
    </maml:description>
    <command:syntax>
      <command:syntaxItem>
        <maml:name>ConvertTo-FanartTVQueryString</maml:name>
        <command:parameter required="true" variableLength="true" globbing="false" pipelineInput="False" position="1" aliases="none">
          <maml:name>UriFilter</maml:name>
          <maml:description>
            <maml:para>Hashtable of values to combine a functions parameters with the ResourceUri parameter</maml:para>
            <maml:para>This allows for the full uri query to occur</maml:para>
          </maml:description>
          <command:parameterValue required="true" variableLength="false">Hashtable</command:parameterValue>
          <dev:type>
            <maml:name>Hashtable</maml:name>
            <maml:uri />
          </dev:type>
          <dev:defaultValue>None</dev:defaultValue>
        </command:parameter>
      </command:syntaxItem>
    </command:syntax>
    <command:parameters>
      <command:parameter required="true" variableLength="true" globbing="false" pipelineInput="False" position="1" aliases="none">
        <maml:name>UriFilter</maml:name>
        <maml:description>
          <maml:para>Hashtable of values to combine a functions parameters with the ResourceUri parameter</maml:para>
          <maml:para>This allows for the full uri query to occur</maml:para>
        </maml:description>
        <command:parameterValue required="true" variableLength="false">Hashtable</command:parameterValue>
        <dev:type>
          <maml:name>Hashtable</maml:name>
          <maml:uri />
        </dev:type>
        <dev:defaultValue>None</dev:defaultValue>
      </command:parameter>
    </command:parameters>
    <command:inputTypes />
    <command:returnValues />
    <maml:alertSet>
      <maml:alert>
        <maml:para>N/A</maml:para>
      </maml:alert>
    </maml:alertSet>
    <command:examples>
      <command:example>
        <maml:title>-------------------------- EXAMPLE 1 --------------------------</maml:title>
        <dev:code>ConvertTo-FanartTVQueryString -UriFilter $HashTable</dev:code>
        <dev:remarks>
          <maml:para>Example HashTable:     $UriParameters = @{         'filter[id]']               = 123456789         'filter[organization_id]']  = 12345     }</maml:para>
        </dev:remarks>
      </command:example>
    </command:examples>
    <command:relatedLinks>
      <maml:navigationLink>
        <maml:linkText>https://celerium.github.io/Celerium.FanartTV/site/Internal/ConvertTo-FanartTVQueryString.html</maml:linkText>
        <maml:uri>https://celerium.github.io/Celerium.FanartTV/site/Internal/ConvertTo-FanartTVQueryString.html</maml:uri>
      </maml:navigationLink>
    </command:relatedLinks>
  </command:command>
  <command:command xmlns:maml="http://schemas.microsoft.com/maml/2004/10" xmlns:command="http://schemas.microsoft.com/maml/dev/command/2004/10" xmlns:dev="http://schemas.microsoft.com/maml/dev/2004/10" xmlns:MSHelp="http://msdn.microsoft.com/mshelp">
    <command:details>
      <command:name>Export-FanartTVModuleSettings</command:name>
      <command:verb>Export</command:verb>
      <command:noun>FanartTVModuleSettings</command:noun>
      <maml:description>
        <maml:para>Exports the FanartTV BaseURI, API, &amp; JSON configuration information to file</maml:para>
      </maml:description>
    </command:details>
    <maml:description>
      <maml:para>The Export-FanartTVModuleSettings cmdlet exports the FanartTV BaseURI, API, &amp; JSON configuration information to file</maml:para>
      <maml:para>Making use of PowerShell's System.Security.SecureString type, exporting module settings encrypts your API key in a format that can only be unencrypted with the your Windows account as this encryption is tied to your user principal This means that you cannot copy your configuration file to another computer or user account and expect it to work</maml:para>
    </maml:description>
    <command:syntax>
      <command:syntaxItem>
        <maml:name>Export-FanartTVModuleSettings</maml:name>
        <command:parameter required="false" variableLength="true" globbing="false" pipelineInput="False" position="1" aliases="none">
          <maml:name>FanartTVConfigPath</maml:name>
          <maml:description>
            <maml:para>Define the location to store the FanartTV configuration file</maml:para>
            <maml:para>By default the configuration file is stored in the following location:     $env:USERPROFILE\Celerium.FanartTV</maml:para>
          </maml:description>
          <command:parameterValue required="true" variableLength="false">String</command:parameterValue>
          <dev:type>
            <maml:name>String</maml:name>
            <maml:uri />
          </dev:type>
          <dev:defaultValue>$(Join-Path -Path $home -ChildPath $(if ($IsWindows -or $PSEdition -eq 'Desktop') {"Celerium.FanartTV"}else{".Celerium.FanartTV"}) )</dev:defaultValue>
        </command:parameter>
        <command:parameter required="false" variableLength="true" globbing="false" pipelineInput="False" position="2" aliases="none">
          <maml:name>FanartTVConfigFile</maml:name>
          <maml:description>
            <maml:para>Define the name of the FanartTV configuration file</maml:para>
            <maml:para>By default the configuration file is named:     config.psd1</maml:para>
          </maml:description>
          <command:parameterValue required="true" variableLength="false">String</command:parameterValue>
          <dev:type>
            <maml:name>String</maml:name>
            <maml:uri />
          </dev:type>
          <dev:defaultValue>Config.psd1</dev:defaultValue>
        </command:parameter>
      </command:syntaxItem>
    </command:syntax>
    <command:parameters>
      <command:parameter required="false" variableLength="true" globbing="false" pipelineInput="False" position="1" aliases="none">
        <maml:name>FanartTVConfigPath</maml:name>
        <maml:description>
          <maml:para>Define the location to store the FanartTV configuration file</maml:para>
          <maml:para>By default the configuration file is stored in the following location:     $env:USERPROFILE\Celerium.FanartTV</maml:para>
        </maml:description>
        <command:parameterValue required="true" variableLength="false">String</command:parameterValue>
        <dev:type>
          <maml:name>String</maml:name>
          <maml:uri />
        </dev:type>
        <dev:defaultValue>$(Join-Path -Path $home -ChildPath $(if ($IsWindows -or $PSEdition -eq 'Desktop') {"Celerium.FanartTV"}else{".Celerium.FanartTV"}) )</dev:defaultValue>
      </command:parameter>
      <command:parameter required="false" variableLength="true" globbing="false" pipelineInput="False" position="2" aliases="none">
        <maml:name>FanartTVConfigFile</maml:name>
        <maml:description>
          <maml:para>Define the name of the FanartTV configuration file</maml:para>
          <maml:para>By default the configuration file is named:     config.psd1</maml:para>
        </maml:description>
        <command:parameterValue required="true" variableLength="false">String</command:parameterValue>
        <dev:type>
          <maml:name>String</maml:name>
          <maml:uri />
        </dev:type>
        <dev:defaultValue>Config.psd1</dev:defaultValue>
      </command:parameter>
    </command:parameters>
    <command:inputTypes />
    <command:returnValues />
    <maml:alertSet>
      <maml:alert>
        <maml:para>N/A</maml:para>
      </maml:alert>
    </maml:alertSet>
    <command:examples>
      <command:example>
        <maml:title>-------------------------- EXAMPLE 1 --------------------------</maml:title>
        <dev:code>Export-FanartTVModuleSettings</dev:code>
        <dev:remarks>
          <maml:para>Validates that the BaseURI, API, and JSON depth are set then exports their values to the current user's FanartTV configuration file located at:     $env:USERPROFILE\Celerium.FanartTV\config.psd1</maml:para>
        </dev:remarks>
      </command:example>
      <command:example>
        <maml:title>-------------------------- EXAMPLE 2 --------------------------</maml:title>
        <dev:code>Export-FanartTVModuleSettings -FanartTVConfigPath C:\Celerium.FanartTV -FanartTVConfigFile MyConfig.psd1</dev:code>
        <dev:remarks>
          <maml:para>Validates that the BaseURI, API, and JSON depth are set then exports their values to the current user's FanartTV configuration file located at:     C:\Celerium.FanartTV\MyConfig.psd1</maml:para>
        </dev:remarks>
      </command:example>
    </command:examples>
    <command:relatedLinks>
      <maml:navigationLink>
        <maml:linkText>https://celerium.github.io/Celerium.FanartTV/site/Internal/Export-FanartTVModuleSettings.html</maml:linkText>
        <maml:uri>https://celerium.github.io/Celerium.FanartTV/site/Internal/Export-FanartTVModuleSettings.html</maml:uri>
      </maml:navigationLink>
    </command:relatedLinks>
  </command:command>
  <command:command xmlns:maml="http://schemas.microsoft.com/maml/2004/10" xmlns:command="http://schemas.microsoft.com/maml/dev/command/2004/10" xmlns:dev="http://schemas.microsoft.com/maml/dev/2004/10" xmlns:MSHelp="http://msdn.microsoft.com/mshelp">
    <command:details>
      <command:name>Get-FanartTVAPIKey</command:name>
      <command:verb>Get</command:verb>
      <command:noun>FanartTVAPIKey</command:noun>
      <maml:description>
        <maml:para>Gets the FanartTV API key</maml:para>
      </maml:description>
    </command:details>
    <maml:description>
      <maml:para>The Get-FanartTVAPIKey cmdlet gets the FanartTV API key from the global variable and returns it as a SecureString</maml:para>
    </maml:description>
    <command:syntax>
      <command:syntaxItem>
        <maml:name>Get-FanartTVAPIKey</maml:name>
        <command:parameter required="false" variableLength="true" globbing="false" pipelineInput="False" position="named" aliases="none">
          <maml:name>AsPlainText</maml:name>
          <maml:description>
            <maml:para>Decrypt and return the API key in plain text</maml:para>
          </maml:description>
          <dev:type>
            <maml:name>SwitchParameter</maml:name>
            <maml:uri />
          </dev:type>
          <dev:defaultValue>False</dev:defaultValue>
        </command:parameter>
      </command:syntaxItem>
    </command:syntax>
    <command:parameters>
      <command:parameter required="false" variableLength="true" globbing="false" pipelineInput="False" position="named" aliases="none">
        <maml:name>AsPlainText</maml:name>
        <maml:description>
          <maml:para>Decrypt and return the API key in plain text</maml:para>
        </maml:description>
        <command:parameterValue required="false" variableLength="false">SwitchParameter</command:parameterValue>
        <dev:type>
          <maml:name>SwitchParameter</maml:name>
          <maml:uri />
        </dev:type>
        <dev:defaultValue>False</dev:defaultValue>
      </command:parameter>
    </command:parameters>
    <command:inputTypes />
    <command:returnValues />
    <maml:alertSet>
      <maml:alert>
        <maml:para>N/A</maml:para>
      </maml:alert>
    </maml:alertSet>
    <command:examples>
      <command:example>
        <maml:title>-------------------------- EXAMPLE 1 --------------------------</maml:title>
        <dev:code>Get-FanartTVAPIKey</dev:code>
        <dev:remarks>
          <maml:para>Gets the Api key and returns it as a SecureString</maml:para>
        </dev:remarks>
      </command:example>
      <command:example>
        <maml:title>-------------------------- EXAMPLE 2 --------------------------</maml:title>
        <dev:code>Get-FanartTVAPIKey -AsPlainText</dev:code>
        <dev:remarks>
          <maml:para>Gets and decrypts the API key from the global variable and returns the API key as plain text</maml:para>
        </dev:remarks>
      </command:example>
    </command:examples>
    <command:relatedLinks>
      <maml:navigationLink>
        <maml:linkText>https://celerium.github.io/Celerium.FanartTV/site/Internal/Get-FanartTVAPIKey.html</maml:linkText>
        <maml:uri>https://celerium.github.io/Celerium.FanartTV/site/Internal/Get-FanartTVAPIKey.html</maml:uri>
      </maml:navigationLink>
    </command:relatedLinks>
  </command:command>
  <command:command xmlns:maml="http://schemas.microsoft.com/maml/2004/10" xmlns:command="http://schemas.microsoft.com/maml/dev/command/2004/10" xmlns:dev="http://schemas.microsoft.com/maml/dev/2004/10" xmlns:MSHelp="http://msdn.microsoft.com/mshelp">
    <command:details>
      <command:name>Get-FanartTVBaseURI</command:name>
      <command:verb>Get</command:verb>
      <command:noun>FanartTVBaseURI</command:noun>
      <maml:description>
        <maml:para>Shows the FanartTV base URI</maml:para>
      </maml:description>
    </command:details>
    <maml:description>
      <maml:para>The Get-FanartTVBaseURI cmdlet shows the FanartTV base URI from the global variable</maml:para>
    </maml:description>
    <command:syntax>
      <command:syntaxItem>
        <maml:name>Get-FanartTVBaseURI</maml:name>
      </command:syntaxItem>
    </command:syntax>
    <command:parameters />
    <command:inputTypes />
    <command:returnValues />
    <maml:alertSet>
      <maml:alert>
        <maml:para>N/A</maml:para>
      </maml:alert>
    </maml:alertSet>
    <command:examples>
      <command:example>
        <maml:title>-------------------------- EXAMPLE 1 --------------------------</maml:title>
        <dev:code>Get-FanartTVBaseURI</dev:code>
        <dev:remarks>
          <maml:para>Shows the FanartTV base URI value defined in the global variable</maml:para>
        </dev:remarks>
      </command:example>
    </command:examples>
    <command:relatedLinks>
      <maml:navigationLink>
        <maml:linkText>https://celerium.github.io/Celerium.FanartTV/site/Internal/Get-FanartTVBaseURI.html</maml:linkText>
        <maml:uri>https://celerium.github.io/Celerium.FanartTV/site/Internal/Get-FanartTVBaseURI.html</maml:uri>
      </maml:navigationLink>
    </command:relatedLinks>
  </command:command>
  <command:command xmlns:maml="http://schemas.microsoft.com/maml/2004/10" xmlns:command="http://schemas.microsoft.com/maml/dev/command/2004/10" xmlns:dev="http://schemas.microsoft.com/maml/dev/2004/10" xmlns:MSHelp="http://msdn.microsoft.com/mshelp">
    <command:details>
      <command:name>Get-FanartTVModuleSettings</command:name>
      <command:verb>Get</command:verb>
      <command:noun>FanartTVModuleSettings</command:noun>
      <maml:description>
        <maml:para>Gets the saved FanartTV configuration settings</maml:para>
      </maml:description>
    </command:details>
    <maml:description>
      <maml:para>The Get-FanartTVModuleSettings cmdlet gets the saved FanartTV configuration settings from the local system</maml:para>
      <maml:para>By default the configuration file is stored in the following location:     $env:USERPROFILE\Celerium.FanartTV</maml:para>
    </maml:description>
    <command:syntax>
      <command:syntaxItem>
        <maml:name>Get-FanartTVModuleSettings</maml:name>
        <command:parameter required="false" variableLength="true" globbing="false" pipelineInput="False" position="1" aliases="none">
          <maml:name>FanartTVConfigPath</maml:name>
          <maml:description>
            <maml:para>Define the location to store the FanartTV configuration file</maml:para>
            <maml:para>By default the configuration file is stored in the following location:     $env:USERPROFILE\Celerium.FanartTV</maml:para>
          </maml:description>
          <command:parameterValue required="true" variableLength="false">String</command:parameterValue>
          <dev:type>
            <maml:name>String</maml:name>
            <maml:uri />
          </dev:type>
          <dev:defaultValue>$(Join-Path -Path $home -ChildPath $(if ($IsWindows -or $PSEdition -eq 'Desktop') {"Celerium.FanartTV"}else{".Celerium.FanartTV"}) )</dev:defaultValue>
        </command:parameter>
        <command:parameter required="false" variableLength="true" globbing="false" pipelineInput="False" position="2" aliases="none">
          <maml:name>FanartTVConfigFile</maml:name>
          <maml:description>
            <maml:para>Define the name of the FanartTV configuration file</maml:para>
            <maml:para>By default the configuration file is named:     config.psd1</maml:para>
          </maml:description>
          <command:parameterValue required="true" variableLength="false">String</command:parameterValue>
          <dev:type>
            <maml:name>String</maml:name>
            <maml:uri />
          </dev:type>
          <dev:defaultValue>Config.psd1</dev:defaultValue>
        </command:parameter>
        <command:parameter required="false" variableLength="true" globbing="false" pipelineInput="False" position="named" aliases="none">
          <maml:name>OpenConfigFile</maml:name>
          <maml:description>
            <maml:para>Opens the FanartTV configuration file</maml:para>
          </maml:description>
          <dev:type>
            <maml:name>SwitchParameter</maml:name>
            <maml:uri />
          </dev:type>
          <dev:defaultValue>False</dev:defaultValue>
        </command:parameter>
      </command:syntaxItem>
    </command:syntax>
    <command:parameters>
      <command:parameter required="false" variableLength="true" globbing="false" pipelineInput="False" position="1" aliases="none">
        <maml:name>FanartTVConfigPath</maml:name>
        <maml:description>
          <maml:para>Define the location to store the FanartTV configuration file</maml:para>
          <maml:para>By default the configuration file is stored in the following location:     $env:USERPROFILE\Celerium.FanartTV</maml:para>
        </maml:description>
        <command:parameterValue required="true" variableLength="false">String</command:parameterValue>
        <dev:type>
          <maml:name>String</maml:name>
          <maml:uri />
        </dev:type>
        <dev:defaultValue>$(Join-Path -Path $home -ChildPath $(if ($IsWindows -or $PSEdition -eq 'Desktop') {"Celerium.FanartTV"}else{".Celerium.FanartTV"}) )</dev:defaultValue>
      </command:parameter>
      <command:parameter required="false" variableLength="true" globbing="false" pipelineInput="False" position="2" aliases="none">
        <maml:name>FanartTVConfigFile</maml:name>
        <maml:description>
          <maml:para>Define the name of the FanartTV configuration file</maml:para>
          <maml:para>By default the configuration file is named:     config.psd1</maml:para>
        </maml:description>
        <command:parameterValue required="true" variableLength="false">String</command:parameterValue>
        <dev:type>
          <maml:name>String</maml:name>
          <maml:uri />
        </dev:type>
        <dev:defaultValue>Config.psd1</dev:defaultValue>
      </command:parameter>
      <command:parameter required="false" variableLength="true" globbing="false" pipelineInput="False" position="named" aliases="none">
        <maml:name>OpenConfigFile</maml:name>
        <maml:description>
          <maml:para>Opens the FanartTV configuration file</maml:para>
        </maml:description>
        <command:parameterValue required="false" variableLength="false">SwitchParameter</command:parameterValue>
        <dev:type>
          <maml:name>SwitchParameter</maml:name>
          <maml:uri />
        </dev:type>
        <dev:defaultValue>False</dev:defaultValue>
      </command:parameter>
    </command:parameters>
    <command:inputTypes />
    <command:returnValues />
    <maml:alertSet>
      <maml:alert>
        <maml:para>N/A</maml:para>
      </maml:alert>
    </maml:alertSet>
    <command:examples>
      <command:example>
        <maml:title>-------------------------- EXAMPLE 1 --------------------------</maml:title>
        <dev:code>Get-FanartTVModuleSettings</dev:code>
        <dev:remarks>
          <maml:para>Gets the contents of the configuration file that was created with the Export-FanartTVModuleSettings</maml:para>
          <maml:para>The default location of the FanartTV configuration file is:     $env:USERPROFILE\Celerium.FanartTV\config.psd1</maml:para>
        </dev:remarks>
      </command:example>
      <command:example>
        <maml:title>-------------------------- EXAMPLE 2 --------------------------</maml:title>
        <dev:code>Get-FanartTVModuleSettings -FanartTVConfigPath C:\Celerium.FanartTV -FanartTVConfigFile MyConfig.psd1 -openConfFile</dev:code>
        <dev:remarks>
          <maml:para>Opens the configuration file from the defined location in the default editor</maml:para>
          <maml:para>The location of the FanartTV configuration file in this example is:     C:\Celerium.FanartTV\MyConfig.psd1</maml:para>
        </dev:remarks>
      </command:example>
    </command:examples>
    <command:relatedLinks>
      <maml:navigationLink>
        <maml:linkText>https://celerium.github.io/Celerium.FanartTV/site/Internal/Get-FanartTVModuleSettings.html</maml:linkText>
        <maml:uri>https://celerium.github.io/Celerium.FanartTV/site/Internal/Get-FanartTVModuleSettings.html</maml:uri>
      </maml:navigationLink>
    </command:relatedLinks>
  </command:command>
  <command:command xmlns:maml="http://schemas.microsoft.com/maml/2004/10" xmlns:command="http://schemas.microsoft.com/maml/dev/command/2004/10" xmlns:dev="http://schemas.microsoft.com/maml/dev/2004/10" xmlns:MSHelp="http://msdn.microsoft.com/mshelp">
    <command:details>
      <command:name>Import-FanartTVModuleSettings</command:name>
      <command:verb>Import</command:verb>
      <command:noun>FanartTVModuleSettings</command:noun>
      <maml:description>
        <maml:para>Imports the FanartTV BaseURI, API, &amp; JSON configuration information to the current session</maml:para>
      </maml:description>
    </command:details>
    <maml:description>
      <maml:para>The Import-FanartTVModuleSettings cmdlet imports the FanartTV BaseURI, API, &amp; JSON configuration information stored in the FanartTV configuration file to the users current session</maml:para>
      <maml:para>By default the configuration file is stored in the following location:     $env:USERPROFILE\Celerium.FanartTV</maml:para>
    </maml:description>
    <command:syntax>
      <command:syntaxItem>
        <maml:name>Import-FanartTVModuleSettings</maml:name>
        <command:parameter required="false" variableLength="true" globbing="false" pipelineInput="False" position="1" aliases="none">
          <maml:name>FanartTVConfigPath</maml:name>
          <maml:description>
            <maml:para>Define the location to store the FanartTV configuration file</maml:para>
            <maml:para>By default the configuration file is stored in the following location:     $env:USERPROFILE\Celerium.FanartTV</maml:para>
          </maml:description>
          <command:parameterValue required="true" variableLength="false">String</command:parameterValue>
          <dev:type>
            <maml:name>String</maml:name>
            <maml:uri />
          </dev:type>
          <dev:defaultValue>$(Join-Path -Path $home -ChildPath $(if ($IsWindows -or $PSEdition -eq 'Desktop') {"Celerium.FanartTV"}else{".Celerium.FanartTV"}) )</dev:defaultValue>
        </command:parameter>
        <command:parameter required="false" variableLength="true" globbing="false" pipelineInput="False" position="2" aliases="none">
          <maml:name>FanartTVConfigFile</maml:name>
          <maml:description>
            <maml:para>Define the name of the FanartTV configuration file</maml:para>
            <maml:para>By default the configuration file is named:     config.psd1</maml:para>
          </maml:description>
          <command:parameterValue required="true" variableLength="false">String</command:parameterValue>
          <dev:type>
            <maml:name>String</maml:name>
            <maml:uri />
          </dev:type>
          <dev:defaultValue>Config.psd1</dev:defaultValue>
        </command:parameter>
      </command:syntaxItem>
    </command:syntax>
    <command:parameters>
      <command:parameter required="false" variableLength="true" globbing="false" pipelineInput="False" position="1" aliases="none">
        <maml:name>FanartTVConfigPath</maml:name>
        <maml:description>
          <maml:para>Define the location to store the FanartTV configuration file</maml:para>
          <maml:para>By default the configuration file is stored in the following location:     $env:USERPROFILE\Celerium.FanartTV</maml:para>
        </maml:description>
        <command:parameterValue required="true" variableLength="false">String</command:parameterValue>
        <dev:type>
          <maml:name>String</maml:name>
          <maml:uri />
        </dev:type>
        <dev:defaultValue>$(Join-Path -Path $home -ChildPath $(if ($IsWindows -or $PSEdition -eq 'Desktop') {"Celerium.FanartTV"}else{".Celerium.FanartTV"}) )</dev:defaultValue>
      </command:parameter>
      <command:parameter required="false" variableLength="true" globbing="false" pipelineInput="False" position="2" aliases="none">
        <maml:name>FanartTVConfigFile</maml:name>
        <maml:description>
          <maml:para>Define the name of the FanartTV configuration file</maml:para>
          <maml:para>By default the configuration file is named:     config.psd1</maml:para>
        </maml:description>
        <command:parameterValue required="true" variableLength="false">String</command:parameterValue>
        <dev:type>
          <maml:name>String</maml:name>
          <maml:uri />
        </dev:type>
        <dev:defaultValue>Config.psd1</dev:defaultValue>
      </command:parameter>
    </command:parameters>
    <command:inputTypes />
    <command:returnValues />
    <maml:alertSet>
      <maml:alert>
        <maml:para>N/A</maml:para>
      </maml:alert>
    </maml:alertSet>
    <command:examples>
      <command:example>
        <maml:title>-------------------------- EXAMPLE 1 --------------------------</maml:title>
        <dev:code>Import-FanartTVModuleSettings</dev:code>
        <dev:remarks>
          <maml:para>Validates that the configuration file created with the Export-FanartTVModuleSettings cmdlet exists then imports the stored data into the current users session</maml:para>
          <maml:para>The default location of the FanartTV configuration file is:     $env:USERPROFILE\Celerium.FanartTV\config.psd1</maml:para>
        </dev:remarks>
      </command:example>
      <command:example>
        <maml:title>-------------------------- EXAMPLE 2 --------------------------</maml:title>
        <dev:code>Import-FanartTVModuleSettings -FanartTVConfigPath C:\Celerium.FanartTV -FanartTVConfigFile MyConfig.psd1</dev:code>
        <dev:remarks>
          <maml:para>Validates that the configuration file created with the Export-FanartTVModuleSettings cmdlet exists then imports the stored data into the current users session</maml:para>
          <maml:para>The location of the FanartTV configuration file in this example is:     C:\Celerium.FanartTV\MyConfig.psd1</maml:para>
        </dev:remarks>
      </command:example>
    </command:examples>
    <command:relatedLinks>
      <maml:navigationLink>
        <maml:linkText>https://celerium.github.io/Celerium.FanartTV/site/Internal/Import-FanartTVModuleSettings.html</maml:linkText>
        <maml:uri>https://celerium.github.io/Celerium.FanartTV/site/Internal/Import-FanartTVModuleSettings.html</maml:uri>
      </maml:navigationLink>
    </command:relatedLinks>
  </command:command>
  <command:command xmlns:maml="http://schemas.microsoft.com/maml/2004/10" xmlns:command="http://schemas.microsoft.com/maml/dev/command/2004/10" xmlns:dev="http://schemas.microsoft.com/maml/dev/2004/10" xmlns:MSHelp="http://msdn.microsoft.com/mshelp">
    <command:details>
      <command:name>Invoke-FanartTVRequest</command:name>
      <command:verb>Invoke</command:verb>
      <command:noun>FanartTVRequest</command:noun>
      <maml:description>
        <maml:para>Makes an API request to FanartTV</maml:para>
      </maml:description>
    </command:details>
    <maml:description>
      <maml:para>The Invoke-FanartTVRequest cmdlet invokes an API request to the FanartTV API</maml:para>
      <maml:para>This is an internal function that is used by all public functions</maml:para>
    </maml:description>
    <command:syntax>
      <command:syntaxItem>
        <maml:name>Invoke-FanartTVRequest</maml:name>
        <command:parameter required="false" variableLength="true" globbing="false" pipelineInput="False" position="1" aliases="none">
          <maml:name>Method</maml:name>
          <maml:description>
            <maml:para>Defines the type of API method to use</maml:para>
            <maml:para>Allowed values: 'GET'</maml:para>
          </maml:description>
          <command:parameterValue required="true" variableLength="false">String</command:parameterValue>
          <dev:type>
            <maml:name>String</maml:name>
            <maml:uri />
          </dev:type>
          <dev:defaultValue>GET</dev:defaultValue>
        </command:parameter>
        <command:parameter required="true" variableLength="true" globbing="false" pipelineInput="False" position="2" aliases="none">
          <maml:name>ResourceURI</maml:name>
          <maml:description>
            <maml:para>Defines the resource uri (url) to use when creating the API call</maml:para>
          </maml:description>
          <command:parameterValue required="true" variableLength="false">String</command:parameterValue>
          <dev:type>
            <maml:name>String</maml:name>
            <maml:uri />
          </dev:type>
          <dev:defaultValue>None</dev:defaultValue>
        </command:parameter>
        <command:parameter required="false" variableLength="true" globbing="false" pipelineInput="False" position="3" aliases="none">
          <maml:name>UriFilter</maml:name>
          <maml:description>
            <maml:para>Hashtable of values to combine a functions parameters with the ResourceUri parameter</maml:para>
            <maml:para>This allows for the full uri query to occur</maml:para>
            <maml:para>The full resource path is made with the following data $FanartTVModuleBaseURI + $ResourceURI + ConvertTo-FanartTVQueryString</maml:para>
          </maml:description>
          <command:parameterValue required="true" variableLength="false">Hashtable</command:parameterValue>
          <dev:type>
            <maml:name>Hashtable</maml:name>
            <maml:uri />
          </dev:type>
          <dev:defaultValue>None</dev:defaultValue>
        </command:parameter>
        <command:parameter required="false" variableLength="true" globbing="false" pipelineInput="False" position="named" aliases="wi">
          <maml:name>WhatIf</maml:name>
          <maml:description>
            <maml:para>Shows what would happen if the cmdlet runs. The cmdlet is not run.</maml:para>
          </maml:description>
          <dev:type>
            <maml:name>SwitchParameter</maml:name>
            <maml:uri />
          </dev:type>
          <dev:defaultValue>False</dev:defaultValue>
        </command:parameter>
        <command:parameter required="false" variableLength="true" globbing="false" pipelineInput="False" position="named" aliases="cf">
          <maml:name>Confirm</maml:name>
          <maml:description>
            <maml:para>Prompts you for confirmation before running the cmdlet.</maml:para>
          </maml:description>
          <dev:type>
            <maml:name>SwitchParameter</maml:name>
            <maml:uri />
          </dev:type>
          <dev:defaultValue>False</dev:defaultValue>
        </command:parameter>
      </command:syntaxItem>
    </command:syntax>
    <command:parameters>
      <command:parameter required="false" variableLength="true" globbing="false" pipelineInput="False" position="1" aliases="none">
        <maml:name>Method</maml:name>
        <maml:description>
          <maml:para>Defines the type of API method to use</maml:para>
          <maml:para>Allowed values: 'GET'</maml:para>
        </maml:description>
        <command:parameterValue required="true" variableLength="false">String</command:parameterValue>
        <dev:type>
          <maml:name>String</maml:name>
          <maml:uri />
        </dev:type>
        <dev:defaultValue>GET</dev:defaultValue>
      </command:parameter>
      <command:parameter required="true" variableLength="true" globbing="false" pipelineInput="False" position="2" aliases="none">
        <maml:name>ResourceURI</maml:name>
        <maml:description>
          <maml:para>Defines the resource uri (url) to use when creating the API call</maml:para>
        </maml:description>
        <command:parameterValue required="true" variableLength="false">String</command:parameterValue>
        <dev:type>
          <maml:name>String</maml:name>
          <maml:uri />
        </dev:type>
        <dev:defaultValue>None</dev:defaultValue>
      </command:parameter>
      <command:parameter required="false" variableLength="true" globbing="false" pipelineInput="False" position="3" aliases="none">
        <maml:name>UriFilter</maml:name>
        <maml:description>
          <maml:para>Hashtable of values to combine a functions parameters with the ResourceUri parameter</maml:para>
          <maml:para>This allows for the full uri query to occur</maml:para>
          <maml:para>The full resource path is made with the following data $FanartTVModuleBaseURI + $ResourceURI + ConvertTo-FanartTVQueryString</maml:para>
        </maml:description>
        <command:parameterValue required="true" variableLength="false">Hashtable</command:parameterValue>
        <dev:type>
          <maml:name>Hashtable</maml:name>
          <maml:uri />
        </dev:type>
        <dev:defaultValue>None</dev:defaultValue>
      </command:parameter>
      <command:parameter required="false" variableLength="true" globbing="false" pipelineInput="False" position="named" aliases="wi">
        <maml:name>WhatIf</maml:name>
        <maml:description>
          <maml:para>Shows what would happen if the cmdlet runs. The cmdlet is not run.</maml:para>
        </maml:description>
        <command:parameterValue required="false" variableLength="false">SwitchParameter</command:parameterValue>
        <dev:type>
          <maml:name>SwitchParameter</maml:name>
          <maml:uri />
        </dev:type>
        <dev:defaultValue>False</dev:defaultValue>
      </command:parameter>
      <command:parameter required="false" variableLength="true" globbing="false" pipelineInput="False" position="named" aliases="cf">
        <maml:name>Confirm</maml:name>
        <maml:description>
          <maml:para>Prompts you for confirmation before running the cmdlet.</maml:para>
        </maml:description>
        <command:parameterValue required="false" variableLength="false">SwitchParameter</command:parameterValue>
        <dev:type>
          <maml:name>SwitchParameter</maml:name>
          <maml:uri />
        </dev:type>
        <dev:defaultValue>False</dev:defaultValue>
      </command:parameter>
    </command:parameters>
    <command:inputTypes />
    <command:returnValues />
    <maml:alertSet>
      <maml:alert>
        <maml:para>N/A</maml:para>
      </maml:alert>
    </maml:alertSet>
    <command:examples>
      <command:example>
        <maml:title>-------------------------- EXAMPLE 1 --------------------------</maml:title>
        <dev:code>Invoke-FanartTVRequest -Method GET -ResourceURI '/passwords' -UriFilter $UriFilter</dev:code>
        <dev:remarks>
          <maml:para>Invoke a rest method against the defined resource using the provided parameters</maml:para>
          <maml:para>Example HashTable:     $UriParameters = @{         'filter[id]']               = 123456789         'filter[organization_id]']  = 12345     }</maml:para>
        </dev:remarks>
      </command:example>
    </command:examples>
    <command:relatedLinks>
      <maml:navigationLink>
        <maml:linkText>https://celerium.github.io/Celerium.FanartTV/site/Internal/Invoke-FanartTVRequest.html</maml:linkText>
        <maml:uri>https://celerium.github.io/Celerium.FanartTV/site/Internal/Invoke-FanartTVRequest.html</maml:uri>
      </maml:navigationLink>
    </command:relatedLinks>
  </command:command>
  <command:command xmlns:maml="http://schemas.microsoft.com/maml/2004/10" xmlns:command="http://schemas.microsoft.com/maml/dev/command/2004/10" xmlns:dev="http://schemas.microsoft.com/maml/dev/2004/10" xmlns:MSHelp="http://msdn.microsoft.com/mshelp">
    <command:details>
      <command:name>Remove-FanartTVAPIKey</command:name>
      <command:verb>Remove</command:verb>
      <command:noun>FanartTVAPIKey</command:noun>
      <maml:description>
        <maml:para>Removes the FanartTV API key</maml:para>
      </maml:description>
    </command:details>
    <maml:description>
      <maml:para>The Remove-FanartTVAPIKey cmdlet removes the FanartTV API key(s) from global variables0</maml:para>
    </maml:description>
    <command:syntax>
      <command:syntaxItem>
        <maml:name>Remove-FanartTVAPIKey</maml:name>
        <command:parameter required="false" variableLength="true" globbing="false" pipelineInput="False" position="named" aliases="wi">
          <maml:name>WhatIf</maml:name>
          <maml:description>
            <maml:para>Shows what would happen if the cmdlet runs. The cmdlet is not run.</maml:para>
          </maml:description>
          <dev:type>
            <maml:name>SwitchParameter</maml:name>
            <maml:uri />
          </dev:type>
          <dev:defaultValue>False</dev:defaultValue>
        </command:parameter>
        <command:parameter required="false" variableLength="true" globbing="false" pipelineInput="False" position="named" aliases="cf">
          <maml:name>Confirm</maml:name>
          <maml:description>
            <maml:para>Prompts you for confirmation before running the cmdlet.</maml:para>
          </maml:description>
          <dev:type>
            <maml:name>SwitchParameter</maml:name>
            <maml:uri />
          </dev:type>
          <dev:defaultValue>False</dev:defaultValue>
        </command:parameter>
      </command:syntaxItem>
    </command:syntax>
    <command:parameters>
      <command:parameter required="false" variableLength="true" globbing="false" pipelineInput="False" position="named" aliases="wi">
        <maml:name>WhatIf</maml:name>
        <maml:description>
          <maml:para>Shows what would happen if the cmdlet runs. The cmdlet is not run.</maml:para>
        </maml:description>
        <command:parameterValue required="false" variableLength="false">SwitchParameter</command:parameterValue>
        <dev:type>
          <maml:name>SwitchParameter</maml:name>
          <maml:uri />
        </dev:type>
        <dev:defaultValue>False</dev:defaultValue>
      </command:parameter>
      <command:parameter required="false" variableLength="true" globbing="false" pipelineInput="False" position="named" aliases="cf">
        <maml:name>Confirm</maml:name>
        <maml:description>
          <maml:para>Prompts you for confirmation before running the cmdlet.</maml:para>
        </maml:description>
        <command:parameterValue required="false" variableLength="false">SwitchParameter</command:parameterValue>
        <dev:type>
          <maml:name>SwitchParameter</maml:name>
          <maml:uri />
        </dev:type>
        <dev:defaultValue>False</dev:defaultValue>
      </command:parameter>
    </command:parameters>
    <command:inputTypes />
    <command:returnValues />
    <maml:alertSet>
      <maml:alert>
        <maml:para>N/A</maml:para>
      </maml:alert>
    </maml:alertSet>
    <command:examples>
      <command:example>
        <maml:title>-------------------------- EXAMPLE 1 --------------------------</maml:title>
        <dev:code>Remove-FanartTVAPIKey</dev:code>
        <dev:remarks>
          <maml:para>Removes the FanartTV API key global variables</maml:para>
        </dev:remarks>
      </command:example>
    </command:examples>
    <command:relatedLinks>
      <maml:navigationLink>
        <maml:linkText>https://celerium.github.io/Celerium.FanartTV/site/Internal/Remove-FanartTVAPIKey.html</maml:linkText>
        <maml:uri>https://celerium.github.io/Celerium.FanartTV/site/Internal/Remove-FanartTVAPIKey.html</maml:uri>
      </maml:navigationLink>
    </command:relatedLinks>
  </command:command>
  <command:command xmlns:maml="http://schemas.microsoft.com/maml/2004/10" xmlns:command="http://schemas.microsoft.com/maml/dev/command/2004/10" xmlns:dev="http://schemas.microsoft.com/maml/dev/2004/10" xmlns:MSHelp="http://msdn.microsoft.com/mshelp">
    <command:details>
      <command:name>Remove-FanartTVBaseURI</command:name>
      <command:verb>Remove</command:verb>
      <command:noun>FanartTVBaseURI</command:noun>
      <maml:description>
        <maml:para>Removes the FanartTV base URI global variable</maml:para>
      </maml:description>
    </command:details>
    <maml:description>
      <maml:para>The Remove-FanartTVBaseURI cmdlet removes the FanartTV base URI from the global variable</maml:para>
    </maml:description>
    <command:syntax>
      <command:syntaxItem>
        <maml:name>Remove-FanartTVBaseURI</maml:name>
        <command:parameter required="false" variableLength="true" globbing="false" pipelineInput="False" position="named" aliases="wi">
          <maml:name>WhatIf</maml:name>
          <maml:description>
            <maml:para>Shows what would happen if the cmdlet runs. The cmdlet is not run.</maml:para>
          </maml:description>
          <dev:type>
            <maml:name>SwitchParameter</maml:name>
            <maml:uri />
          </dev:type>
          <dev:defaultValue>False</dev:defaultValue>
        </command:parameter>
        <command:parameter required="false" variableLength="true" globbing="false" pipelineInput="False" position="named" aliases="cf">
          <maml:name>Confirm</maml:name>
          <maml:description>
            <maml:para>Prompts you for confirmation before running the cmdlet.</maml:para>
          </maml:description>
          <dev:type>
            <maml:name>SwitchParameter</maml:name>
            <maml:uri />
          </dev:type>
          <dev:defaultValue>False</dev:defaultValue>
        </command:parameter>
      </command:syntaxItem>
    </command:syntax>
    <command:parameters>
      <command:parameter required="false" variableLength="true" globbing="false" pipelineInput="False" position="named" aliases="wi">
        <maml:name>WhatIf</maml:name>
        <maml:description>
          <maml:para>Shows what would happen if the cmdlet runs. The cmdlet is not run.</maml:para>
        </maml:description>
        <command:parameterValue required="false" variableLength="false">SwitchParameter</command:parameterValue>
        <dev:type>
          <maml:name>SwitchParameter</maml:name>
          <maml:uri />
        </dev:type>
        <dev:defaultValue>False</dev:defaultValue>
      </command:parameter>
      <command:parameter required="false" variableLength="true" globbing="false" pipelineInput="False" position="named" aliases="cf">
        <maml:name>Confirm</maml:name>
        <maml:description>
          <maml:para>Prompts you for confirmation before running the cmdlet.</maml:para>
        </maml:description>
        <command:parameterValue required="false" variableLength="false">SwitchParameter</command:parameterValue>
        <dev:type>
          <maml:name>SwitchParameter</maml:name>
          <maml:uri />
        </dev:type>
        <dev:defaultValue>False</dev:defaultValue>
      </command:parameter>
    </command:parameters>
    <command:inputTypes />
    <command:returnValues />
    <maml:alertSet>
      <maml:alert>
        <maml:para>N/A</maml:para>
      </maml:alert>
    </maml:alertSet>
    <command:examples>
      <command:example>
        <maml:title>-------------------------- EXAMPLE 1 --------------------------</maml:title>
        <dev:code>Remove-FanartTVBaseURI</dev:code>
        <dev:remarks>
          <maml:para>Removes the FanartTV base URI value from the global variable</maml:para>
        </dev:remarks>
      </command:example>
    </command:examples>
    <command:relatedLinks>
      <maml:navigationLink>
        <maml:linkText>https://celerium.github.io/Celerium.FanartTV/site/Internal/Remove-FanartTVBaseURI.html</maml:linkText>
        <maml:uri>https://celerium.github.io/Celerium.FanartTV/site/Internal/Remove-FanartTVBaseURI.html</maml:uri>
      </maml:navigationLink>
    </command:relatedLinks>
  </command:command>
  <command:command xmlns:maml="http://schemas.microsoft.com/maml/2004/10" xmlns:command="http://schemas.microsoft.com/maml/dev/command/2004/10" xmlns:dev="http://schemas.microsoft.com/maml/dev/2004/10" xmlns:MSHelp="http://msdn.microsoft.com/mshelp">
    <command:details>
      <command:name>Remove-FanartTVModuleSettings</command:name>
      <command:verb>Remove</command:verb>
      <command:noun>FanartTVModuleSettings</command:noun>
      <maml:description>
        <maml:para>Removes the stored FanartTV configuration folder</maml:para>
      </maml:description>
    </command:details>
    <maml:description>
      <maml:para>The Remove-FanartTVModuleSettings cmdlet removes the FanartTV folder and its files This cmdlet also has the option to remove sensitive FanartTV variables as well</maml:para>
      <maml:para>By default configuration files are stored in the following location and will be removed:     $env:USERPROFILE\Celerium.FanartTV</maml:para>
    </maml:description>
    <command:syntax>
      <command:syntaxItem>
        <maml:name>Remove-FanartTVModuleSettings</maml:name>
        <command:parameter required="false" variableLength="true" globbing="false" pipelineInput="False" position="1" aliases="none">
          <maml:name>FanartTVConfigPath</maml:name>
          <maml:description>
            <maml:para>Define the location of the FanartTV configuration folder</maml:para>
            <maml:para>By default the configuration folder is located at:     $env:USERPROFILE\Celerium.FanartTV</maml:para>
          </maml:description>
          <command:parameterValue required="true" variableLength="false">String</command:parameterValue>
          <dev:type>
            <maml:name>String</maml:name>
            <maml:uri />
          </dev:type>
          <dev:defaultValue>$(Join-Path -Path $home -ChildPath $(if ($IsWindows -or $PSEdition -eq 'Desktop') {"Celerium.FanartTV"}else{".Celerium.FanartTV"}) )</dev:defaultValue>
        </command:parameter>
        <command:parameter required="false" variableLength="true" globbing="false" pipelineInput="False" position="named" aliases="none">
          <maml:name>AndVariables</maml:name>
          <maml:description>
            <maml:para>Define if sensitive FanartTV variables should be removed as well</maml:para>
            <maml:para>By default the variables are not removed</maml:para>
          </maml:description>
          <dev:type>
            <maml:name>SwitchParameter</maml:name>
            <maml:uri />
          </dev:type>
          <dev:defaultValue>False</dev:defaultValue>
        </command:parameter>
        <command:parameter required="false" variableLength="true" globbing="false" pipelineInput="False" position="named" aliases="wi">
          <maml:name>WhatIf</maml:name>
          <maml:description>
            <maml:para>Shows what would happen if the cmdlet runs. The cmdlet is not run.</maml:para>
          </maml:description>
          <dev:type>
            <maml:name>SwitchParameter</maml:name>
            <maml:uri />
          </dev:type>
          <dev:defaultValue>False</dev:defaultValue>
        </command:parameter>
        <command:parameter required="false" variableLength="true" globbing="false" pipelineInput="False" position="named" aliases="cf">
          <maml:name>Confirm</maml:name>
          <maml:description>
            <maml:para>Prompts you for confirmation before running the cmdlet.</maml:para>
          </maml:description>
          <dev:type>
            <maml:name>SwitchParameter</maml:name>
            <maml:uri />
          </dev:type>
          <dev:defaultValue>False</dev:defaultValue>
        </command:parameter>
      </command:syntaxItem>
    </command:syntax>
    <command:parameters>
      <command:parameter required="false" variableLength="true" globbing="false" pipelineInput="False" position="1" aliases="none">
        <maml:name>FanartTVConfigPath</maml:name>
        <maml:description>
          <maml:para>Define the location of the FanartTV configuration folder</maml:para>
          <maml:para>By default the configuration folder is located at:     $env:USERPROFILE\Celerium.FanartTV</maml:para>
        </maml:description>
        <command:parameterValue required="true" variableLength="false">String</command:parameterValue>
        <dev:type>
          <maml:name>String</maml:name>
          <maml:uri />
        </dev:type>
        <dev:defaultValue>$(Join-Path -Path $home -ChildPath $(if ($IsWindows -or $PSEdition -eq 'Desktop') {"Celerium.FanartTV"}else{".Celerium.FanartTV"}) )</dev:defaultValue>
      </command:parameter>
      <command:parameter required="false" variableLength="true" globbing="false" pipelineInput="False" position="named" aliases="none">
        <maml:name>AndVariables</maml:name>
        <maml:description>
          <maml:para>Define if sensitive FanartTV variables should be removed as well</maml:para>
          <maml:para>By default the variables are not removed</maml:para>
        </maml:description>
        <command:parameterValue required="false" variableLength="false">SwitchParameter</command:parameterValue>
        <dev:type>
          <maml:name>SwitchParameter</maml:name>
          <maml:uri />
        </dev:type>
        <dev:defaultValue>False</dev:defaultValue>
      </command:parameter>
      <command:parameter required="false" variableLength="true" globbing="false" pipelineInput="False" position="named" aliases="wi">
        <maml:name>WhatIf</maml:name>
        <maml:description>
          <maml:para>Shows what would happen if the cmdlet runs. The cmdlet is not run.</maml:para>
        </maml:description>
        <command:parameterValue required="false" variableLength="false">SwitchParameter</command:parameterValue>
        <dev:type>
          <maml:name>SwitchParameter</maml:name>
          <maml:uri />
        </dev:type>
        <dev:defaultValue>False</dev:defaultValue>
      </command:parameter>
      <command:parameter required="false" variableLength="true" globbing="false" pipelineInput="False" position="named" aliases="cf">
        <maml:name>Confirm</maml:name>
        <maml:description>
          <maml:para>Prompts you for confirmation before running the cmdlet.</maml:para>
        </maml:description>
        <command:parameterValue required="false" variableLength="false">SwitchParameter</command:parameterValue>
        <dev:type>
          <maml:name>SwitchParameter</maml:name>
          <maml:uri />
        </dev:type>
        <dev:defaultValue>False</dev:defaultValue>
      </command:parameter>
    </command:parameters>
    <command:inputTypes />
    <command:returnValues />
    <maml:alertSet>
      <maml:alert>
        <maml:para>N/A</maml:para>
      </maml:alert>
    </maml:alertSet>
    <command:examples>
      <command:example>
        <maml:title>-------------------------- EXAMPLE 1 --------------------------</maml:title>
        <dev:code>Remove-FanartTVModuleSettings</dev:code>
        <dev:remarks>
          <maml:para>Checks to see if the default configuration folder exists and removes it if it does</maml:para>
          <maml:para>The default location of the FanartTV configuration folder is:     $env:USERPROFILE\Celerium.FanartTV</maml:para>
        </dev:remarks>
      </command:example>
      <command:example>
        <maml:title>-------------------------- EXAMPLE 2 --------------------------</maml:title>
        <dev:code>Remove-FanartTVModuleSettings -FanartTVConfigPath C:\Celerium.FanartTV -AndVariables</dev:code>
        <dev:remarks>
          <maml:para>Checks to see if the defined configuration folder exists and removes it if it does If sensitive FanartTV variables exist then they are removed as well</maml:para>
          <maml:para>The location of the FanartTV configuration folder in this example is:     C:\Celerium.FanartTV</maml:para>
        </dev:remarks>
      </command:example>
    </command:examples>
    <command:relatedLinks>
      <maml:navigationLink>
        <maml:linkText>https://celerium.github.io/Celerium.FanartTV/site/Internal/Remove-FanartTVModuleSettings.html</maml:linkText>
        <maml:uri>https://celerium.github.io/Celerium.FanartTV/site/Internal/Remove-FanartTVModuleSettings.html</maml:uri>
      </maml:navigationLink>
    </command:relatedLinks>
  </command:command>
  <command:command xmlns:maml="http://schemas.microsoft.com/maml/2004/10" xmlns:command="http://schemas.microsoft.com/maml/dev/command/2004/10" xmlns:dev="http://schemas.microsoft.com/maml/dev/2004/10" xmlns:MSHelp="http://msdn.microsoft.com/mshelp">
    <command:details>
      <command:name>Get-FanartTVLatest</command:name>
      <command:verb>Get</command:verb>
      <command:noun>FanartTVLatest</command:noun>
      <maml:description>
        <maml:para>Retrieve the latest fanart images for a specific resource</maml:para>
      </maml:description>
    </command:details>
    <maml:description>
      <maml:para>The Get-FanartTVLatest cmdlet retrieve the latest fanart images for a specific resource.</maml:para>
      <maml:para>Resources are Movies,TV Shows, &amp; Music</maml:para>
    </maml:description>
    <command:syntax>
      <command:syntaxItem>
        <maml:name>Get-FanartTVLatest</maml:name>
        <command:parameter required="true" variableLength="true" globbing="false" pipelineInput="False" position="1" aliases="none">
          <maml:name>ResourceType</maml:name>
          <maml:description>
            <maml:para>What type of latest resource to retrieve</maml:para>
            <maml:para>Allowed values:     'Movies','TV Shows','Music'</maml:para>
          </maml:description>
          <command:parameterValue required="true" variableLength="false">String</command:parameterValue>
          <dev:type>
            <maml:name>String</maml:name>
            <maml:uri />
          </dev:type>
          <dev:defaultValue>None</dev:defaultValue>
        </command:parameter>
        <command:parameter required="false" variableLength="true" globbing="false" pipelineInput="True (ByValue)" position="2" aliases="none">
          <maml:name>Date</maml:name>
          <maml:description>
            <maml:para>Date to return items updated after</maml:para>
            <maml:para>By default, returns movies updated in the last 2 days</maml:para>
            <maml:para>Date is converted to Unix timestamp</maml:para>
            <maml:para>Example:     2026-02-21 = 1771657200</maml:para>
          </maml:description>
          <command:parameterValue required="true" variableLength="false">String</command:parameterValue>
          <dev:type>
            <maml:name>String</maml:name>
            <maml:uri />
          </dev:type>
          <dev:defaultValue>None</dev:defaultValue>
        </command:parameter>
      </command:syntaxItem>
    </command:syntax>
    <command:parameters>
      <command:parameter required="true" variableLength="true" globbing="false" pipelineInput="False" position="1" aliases="none">
        <maml:name>ResourceType</maml:name>
        <maml:description>
          <maml:para>What type of latest resource to retrieve</maml:para>
          <maml:para>Allowed values:     'Movies','TV Shows','Music'</maml:para>
        </maml:description>
        <command:parameterValue required="true" variableLength="false">String</command:parameterValue>
        <dev:type>
          <maml:name>String</maml:name>
          <maml:uri />
        </dev:type>
        <dev:defaultValue>None</dev:defaultValue>
      </command:parameter>
      <command:parameter required="false" variableLength="true" globbing="false" pipelineInput="True (ByValue)" position="2" aliases="none">
        <maml:name>Date</maml:name>
        <maml:description>
          <maml:para>Date to return items updated after</maml:para>
          <maml:para>By default, returns movies updated in the last 2 days</maml:para>
          <maml:para>Date is converted to Unix timestamp</maml:para>
          <maml:para>Example:     2026-02-21 = 1771657200</maml:para>
        </maml:description>
        <command:parameterValue required="true" variableLength="false">String</command:parameterValue>
        <dev:type>
          <maml:name>String</maml:name>
          <maml:uri />
        </dev:type>
        <dev:defaultValue>None</dev:defaultValue>
      </command:parameter>
    </command:parameters>
    <command:inputTypes />
    <command:returnValues />
    <maml:alertSet>
      <maml:alert>
        <maml:para>N/A</maml:para>
      </maml:alert>
    </maml:alertSet>
    <command:examples>
      <command:example>
        <maml:title>-------------------------- EXAMPLE 1 --------------------------</maml:title>
        <dev:code>Get-FanartTVLatest -ResourceType Movies</dev:code>
        <dev:remarks>
          <maml:para>Retrieve all available fanart images for movies updated in the past 2 days</maml:para>
        </dev:remarks>
      </command:example>
      <command:example>
        <maml:title>-------------------------- EXAMPLE 2 --------------------------</maml:title>
        <dev:code>Get-FanartTVLatest -ResourceType Movies -Date '2026-02-01'</dev:code>
        <dev:remarks>
          <maml:para>Retrieve all available fanart images for movies updated since the defined date</maml:para>
        </dev:remarks>
      </command:example>
    </command:examples>
    <command:relatedLinks>
      <maml:navigationLink>
        <maml:linkText>https://celerium.github.io/Celerium.FanartTV/site/Latest/Get-FanartTVLatest.html</maml:linkText>
        <maml:uri>https://celerium.github.io/Celerium.FanartTV/site/Latest/Get-FanartTVLatest.html</maml:uri>
      </maml:navigationLink>
      <maml:navigationLink>
        <maml:linkText>https://api.fanart.tv/#tag/Latest</maml:linkText>
        <maml:uri>https://api.fanart.tv/#tag/Latest</maml:uri>
      </maml:navigationLink>
    </command:relatedLinks>
  </command:command>
  <command:command xmlns:maml="http://schemas.microsoft.com/maml/2004/10" xmlns:command="http://schemas.microsoft.com/maml/dev/command/2004/10" xmlns:dev="http://schemas.microsoft.com/maml/dev/2004/10" xmlns:MSHelp="http://msdn.microsoft.com/mshelp">
    <command:details>
      <command:name>Get-FanartTVMovie</command:name>
      <command:verb>Get</command:verb>
      <command:noun>FanartTVMovie</command:noun>
      <maml:description>
        <maml:para>Retrieve all available fanart images for a specific movie</maml:para>
      </maml:description>
    </command:details>
    <maml:description>
      <maml:para>The Get-FanartTVMovie cmdlet retrieve all available fanart images for a specific movie</maml:para>
    </maml:description>
    <command:syntax>
      <command:syntaxItem>
        <maml:name>Get-FanartTVMovie</maml:name>
        <command:parameter required="true" variableLength="true" globbing="false" pipelineInput="True (ByValue)" position="1" aliases="none">
          <maml:name>ID</maml:name>
          <maml:description>
            <maml:para>Movie identifier (TMDB ID or IMDB ID with 'tt' prefix)</maml:para>
            <maml:para>Examples:     550 - TMDB ID (Fight Club)     tt0137523 - IMDB ID (Fight Club)</maml:para>
          </maml:description>
          <command:parameterValue required="true" variableLength="false">String</command:parameterValue>
          <dev:type>
            <maml:name>String</maml:name>
            <maml:uri />
          </dev:type>
          <dev:defaultValue>None</dev:defaultValue>
        </command:parameter>
      </command:syntaxItem>
    </command:syntax>
    <command:parameters>
      <command:parameter required="true" variableLength="true" globbing="false" pipelineInput="True (ByValue)" position="1" aliases="none">
        <maml:name>ID</maml:name>
        <maml:description>
          <maml:para>Movie identifier (TMDB ID or IMDB ID with 'tt' prefix)</maml:para>
          <maml:para>Examples:     550 - TMDB ID (Fight Club)     tt0137523 - IMDB ID (Fight Club)</maml:para>
        </maml:description>
        <command:parameterValue required="true" variableLength="false">String</command:parameterValue>
        <dev:type>
          <maml:name>String</maml:name>
          <maml:uri />
        </dev:type>
        <dev:defaultValue>None</dev:defaultValue>
      </command:parameter>
    </command:parameters>
    <command:inputTypes />
    <command:returnValues />
    <maml:alertSet>
      <maml:alert>
        <maml:para>N/A</maml:para>
      </maml:alert>
    </maml:alertSet>
    <command:examples>
      <command:example>
        <maml:title>-------------------------- EXAMPLE 1 --------------------------</maml:title>
        <dev:code>Get-FanartTVMovie -ID 550</dev:code>
        <dev:remarks>
          <maml:para>Retrieve all available fanart images for a specific movie</maml:para>
        </dev:remarks>
      </command:example>
    </command:examples>
    <command:relatedLinks>
      <maml:navigationLink>
        <maml:linkText>https://celerium.github.io/Celerium.FanartTV/site/Movies/Get-FanartTVMovie.html</maml:linkText>
        <maml:uri>https://celerium.github.io/Celerium.FanartTV/site/Movies/Get-FanartTVMovie.html</maml:uri>
      </maml:navigationLink>
      <maml:navigationLink>
        <maml:linkText>https://api.fanart.tv/#tag/Movies/operation/getMovie</maml:linkText>
        <maml:uri>https://api.fanart.tv/#tag/Movies/operation/getMovie</maml:uri>
      </maml:navigationLink>
    </command:relatedLinks>
  </command:command>
  <command:command xmlns:maml="http://schemas.microsoft.com/maml/2004/10" xmlns:command="http://schemas.microsoft.com/maml/dev/command/2004/10" xmlns:dev="http://schemas.microsoft.com/maml/dev/2004/10" xmlns:MSHelp="http://msdn.microsoft.com/mshelp">
    <command:details>
      <command:name>Get-FanartTVMusic</command:name>
      <command:verb>Get</command:verb>
      <command:noun>FanartTVMusic</command:noun>
      <maml:description>
        <maml:para>Retrieve all available music artist and album images</maml:para>
      </maml:description>
    </command:details>
    <maml:description>
      <maml:para>The Get-FanartTVMusic cmdlet retrieve all available music artist and album images</maml:para>
    </maml:description>
    <command:syntax>
      <command:syntaxItem>
        <maml:name>Get-FanartTVMusic</maml:name>
        <command:parameter required="true" variableLength="true" globbing="false" pipelineInput="False" position="1" aliases="none">
          <maml:name>ImageType</maml:name>
          <maml:description>
            <maml:para>What type of image to retrieve</maml:para>
            <maml:para>Allowed values:     'Artist','Album','Label'</maml:para>
          </maml:description>
          <command:parameterValue required="true" variableLength="false">String</command:parameterValue>
          <dev:type>
            <maml:name>String</maml:name>
            <maml:uri />
          </dev:type>
          <dev:defaultValue>None</dev:defaultValue>
        </command:parameter>
        <command:parameter required="true" variableLength="true" globbing="false" pipelineInput="True (ByValue)" position="2" aliases="none">
          <maml:name>ID</maml:name>
          <maml:description>
            <maml:para>MusicBrainz Artist ID (MBID) MusicBrainz Release Group ID MusicBrainz Label ID</maml:para>
            <maml:para>Examples:     Artist  - 20244d07-534f-4eff-b4d4-930878889970 - MusicBrainz ID (Taylor Swift)     Album   - 70816f08-b7d1-4e77-817e-8c1426751de0 - MusicBrainz Release Group ID (Taylor Swift)     Label   - be994c3e-0527-404f-b8f9-455e217e83d2 - MusicBrainz Label ID (Profile Records)</maml:para>
          </maml:description>
          <command:parameterValue required="true" variableLength="false">String</command:parameterValue>
          <dev:type>
            <maml:name>String</maml:name>
            <maml:uri />
          </dev:type>
          <dev:defaultValue>None</dev:defaultValue>
        </command:parameter>
      </command:syntaxItem>
    </command:syntax>
    <command:parameters>
      <command:parameter required="true" variableLength="true" globbing="false" pipelineInput="False" position="1" aliases="none">
        <maml:name>ImageType</maml:name>
        <maml:description>
          <maml:para>What type of image to retrieve</maml:para>
          <maml:para>Allowed values:     'Artist','Album','Label'</maml:para>
        </maml:description>
        <command:parameterValue required="true" variableLength="false">String</command:parameterValue>
        <dev:type>
          <maml:name>String</maml:name>
          <maml:uri />
        </dev:type>
        <dev:defaultValue>None</dev:defaultValue>
      </command:parameter>
      <command:parameter required="true" variableLength="true" globbing="false" pipelineInput="True (ByValue)" position="2" aliases="none">
        <maml:name>ID</maml:name>
        <maml:description>
          <maml:para>MusicBrainz Artist ID (MBID) MusicBrainz Release Group ID MusicBrainz Label ID</maml:para>
          <maml:para>Examples:     Artist  - 20244d07-534f-4eff-b4d4-930878889970 - MusicBrainz ID (Taylor Swift)     Album   - 70816f08-b7d1-4e77-817e-8c1426751de0 - MusicBrainz Release Group ID (Taylor Swift)     Label   - be994c3e-0527-404f-b8f9-455e217e83d2 - MusicBrainz Label ID (Profile Records)</maml:para>
        </maml:description>
        <command:parameterValue required="true" variableLength="false">String</command:parameterValue>
        <dev:type>
          <maml:name>String</maml:name>
          <maml:uri />
        </dev:type>
        <dev:defaultValue>None</dev:defaultValue>
      </command:parameter>
    </command:parameters>
    <command:inputTypes />
    <command:returnValues />
    <maml:alertSet>
      <maml:alert>
        <maml:para>N/A</maml:para>
      </maml:alert>
    </maml:alertSet>
    <command:examples>
      <command:example>
        <maml:title>-------------------------- EXAMPLE 1 --------------------------</maml:title>
        <dev:code>Get-FanartTVMusic -ImageType Artist -ID 20244d07-534f-4eff-b4d4-930878889970</dev:code>
        <dev:remarks>
          <maml:para>Retrieve all available fanart artist images for a specific music artist</maml:para>
        </dev:remarks>
      </command:example>
      <command:example>
        <maml:title>-------------------------- EXAMPLE 2 --------------------------</maml:title>
        <dev:code>Get-FanartTVMusic -ImageType Album -ID 70816f08-b7d1-4e77-817e-8c1426751de0</dev:code>
        <dev:remarks>
          <maml:para>Retrieve all available fanart album images for a specific music album</maml:para>
        </dev:remarks>
      </command:example>
      <command:example>
        <maml:title>-------------------------- EXAMPLE 3 --------------------------</maml:title>
        <dev:code>Get-FanartTVMusic -ImageType Label -ID be994c3e-0527-404f-b8f9-455e217e83d2</dev:code>
        <dev:remarks>
          <maml:para>Retrieve all available fanart label images for a specific music label</maml:para>
        </dev:remarks>
      </command:example>
    </command:examples>
    <command:relatedLinks>
      <maml:navigationLink>
        <maml:linkText>https://celerium.github.io/Celerium.FanartTV/site/Music/Get-FanartTVMusic.html</maml:linkText>
        <maml:uri>https://celerium.github.io/Celerium.FanartTV/site/Music/Get-FanartTVMusic.html</maml:uri>
      </maml:navigationLink>
      <maml:navigationLink>
        <maml:linkText>https://api.fanart.tv/#tag/Music</maml:linkText>
        <maml:uri>https://api.fanart.tv/#tag/Music</maml:uri>
      </maml:navigationLink>
    </command:relatedLinks>
  </command:command>
  <command:command xmlns:maml="http://schemas.microsoft.com/maml/2004/10" xmlns:command="http://schemas.microsoft.com/maml/dev/command/2004/10" xmlns:dev="http://schemas.microsoft.com/maml/dev/2004/10" xmlns:MSHelp="http://msdn.microsoft.com/mshelp">
    <command:details>
      <command:name>Get-FanartTVShow</command:name>
      <command:verb>Get</command:verb>
      <command:noun>FanartTVShow</command:noun>
      <maml:description>
        <maml:para>Retrieve all available fanart images for a specific TV Show</maml:para>
      </maml:description>
    </command:details>
    <maml:description>
      <maml:para>The Get-FanartTVShow cmdlet retrieve all available fanart images for a specific TV Show</maml:para>
    </maml:description>
    <command:syntax>
      <command:syntaxItem>
        <maml:name>Get-FanartTVShow</maml:name>
        <command:parameter required="true" variableLength="true" globbing="false" pipelineInput="True (ByValue)" position="1" aliases="none">
          <maml:name>ID</maml:name>
          <maml:description>
            <maml:para>TV Show identifier (TVDB ID)</maml:para>
            <maml:para>Examples:     76703 - TVDB ID (Pokemon)</maml:para>
          </maml:description>
          <command:parameterValue required="true" variableLength="false">String</command:parameterValue>
          <dev:type>
            <maml:name>String</maml:name>
            <maml:uri />
          </dev:type>
          <dev:defaultValue>None</dev:defaultValue>
        </command:parameter>
      </command:syntaxItem>
    </command:syntax>
    <command:parameters>
      <command:parameter required="true" variableLength="true" globbing="false" pipelineInput="True (ByValue)" position="1" aliases="none">
        <maml:name>ID</maml:name>
        <maml:description>
          <maml:para>TV Show identifier (TVDB ID)</maml:para>
          <maml:para>Examples:     76703 - TVDB ID (Pokemon)</maml:para>
        </maml:description>
        <command:parameterValue required="true" variableLength="false">String</command:parameterValue>
        <dev:type>
          <maml:name>String</maml:name>
          <maml:uri />
        </dev:type>
        <dev:defaultValue>None</dev:defaultValue>
      </command:parameter>
    </command:parameters>
    <command:inputTypes />
    <command:returnValues />
    <maml:alertSet>
      <maml:alert>
        <maml:para>N/A</maml:para>
      </maml:alert>
    </maml:alertSet>
    <command:examples>
      <command:example>
        <maml:title>-------------------------- EXAMPLE 1 --------------------------</maml:title>
        <dev:code>Get-FanartTVShow -ID 76703</dev:code>
        <dev:remarks>
          <maml:para>Retrieve all available fanart images for a specific TV Show</maml:para>
        </dev:remarks>
      </command:example>
    </command:examples>
    <command:relatedLinks>
      <maml:navigationLink>
        <maml:linkText>Online Version:</maml:linkText>
        <maml:uri>https://celerium.github.io/Celerium.FanartTV/site/TV Shows/Get-FanartTVShow.html</maml:uri>
      </maml:navigationLink>
      <maml:navigationLink>
        <maml:linkText>https://celerium.github.io/Celerium.FanartTV/site/TVShows/Get-FanartTVShow.html</maml:linkText>
        <maml:uri>https://celerium.github.io/Celerium.FanartTV/site/TVShows/Get-FanartTVShow.html</maml:uri>
      </maml:navigationLink>
      <maml:navigationLink>
        <maml:linkText>https://api.fanart.tv/#tag/TV-Shows/operation/getTVShow</maml:linkText>
        <maml:uri>https://api.fanart.tv/#tag/TV-Shows/operation/getTVShow</maml:uri>
      </maml:navigationLink>
    </command:relatedLinks>
  </command:command>
</helpItems>